"Component,Function,Specification,Quantity,Unit Cost,Status"
"Outer casing,Protects internal components,3D printed,1,TBD,Prototype"
"Acupressure tip,Contact interface,Design dependent,1,TBD,Design stage"
"Heating element,Provides heat,To be selected,1,TBD,Not assembled"
"Temperature sensor,Measures temperature,To be selected,1,TBD,Not assembled"
"Vibration motor,Produces vibration,To be selected,1,TBD,Not assembled"
"Controller,Temperature and vibration control,To be selected,1,TBD,Not assembled"
"Battery,Portable power supply,To be selected,1,TBD,Not assembled"
"Charging circuit,Battery charging,To be selected,1,TBD,Not assembled"
"Switch,User control,To be selected,1,TBD,Not assembled"
"Wiring and connectors,Electrical connections,To be selected,1,TBD,Not assembled"
